{"indexes":[{"id":"495976969","type":"hash","name":"Author--orcid","fields":["orcid"],"unique":true,"sparse":true,"deduplicate":false,"estimates":true,"cacheEnabled":false},{"id":"495977028","type":"hash","name":"Author--display_name","fields":["display_name"],"unique":true,"sparse":true,"deduplicate":false,"estimates":true,"cacheEnabled":false},{"id":"495977087","type":"hash","name":"Author--e_mail","fields":["e_mail"],"unique":true,"sparse":true,"deduplicate":false,"estimates":true,"cacheEnabled":false},{"id":"495978514","type":"hash","name":"Author--uri","fields":["uri"],"unique":true,"sparse":true,"deduplicate":false,"estimates":true,"cacheEnabled":false}],"parameters":{"allowUserKeys":true,"cacheEnabled":false,"cid":"495976919","computedValues":null,"deleted":false,"globallyUniqueId":"hEA0DDC155BD9/495976919","id":"495976919","internalValidatorType":0,"isDisjoint":false,"isSmart":false,"isSmartChild":false,"isSystem":false,"keyOptions":{"allowUserKeys":true,"type":"traditional","lastValue":497221672},"minReplicationFactor":1,"name":"Author","numberOfShards":1,"planId":"495976919","replicationFactor":1,"schema":{"message":"The document you supplied does not fit the schema that this collection is restricted to. Schema: '{\"$schema\":\"http://json-schema.org/draft-07/schema#\",\"properties\":{\"display_name\":{\"type\":\"string\"},\"e_mail\":{\"type\":[\"string\",\"null\"]},\"first_name\":{\"type\":[\"string\",\"null\"]},\"last_name\":{\"type\":\"string\"},\"orcid\":{\"type\":[\"string\",\"null\"]},\"uri\":{\"type\":[\"string\",\"null\"]}},\"required\":[\"display_name\",\"last_name\"],\"title\":\"Author\",\"type\":\"object\"}'","level":"strict","type":"json","rule":{"$schema":"http://json-schema.org/draft-07/schema#","properties":{"display_name":{"type":"string"},"e_mail":{"type":["string","null"]},"first_name":{"type":["string","null"]},"last_name":{"type":"string"},"orcid":{"type":["string","null"]},"uri":{"type":["string","null"]}},"required":["display_name","last_name"],"title":"Author","type":"object"}},"shardKeys":["_key"],"shards":{},"status":3,"syncByRevision":true,"type":2,"usesRevisionsAsDocumentIds":true,"version":9,"waitForSync":false,"writeConcern":1}}