{"indexes":[{"id":"495976959","type":"hash","name":"Dataset--pangaea_id","fields":["pangaea_id"],"unique":true,"sparse":true,"deduplicate":false,"estimates":true,"cacheEnabled":false}],"parameters":{"allowUserKeys":true,"cacheEnabled":false,"cid":"495976914","computedValues":null,"deleted":false,"globallyUniqueId":"hEA0DDC155BD9/495976914","id":"495976914","internalValidatorType":0,"isDisjoint":false,"isSmart":false,"isSmartChild":false,"isSystem":false,"keyOptions":{"allowUserKeys":true,"type":"traditional","lastValue":496061972},"minReplicationFactor":1,"name":"Dataset","numberOfShards":1,"planId":"495976914","replicationFactor":1,"schema":{"message":"The document you supplied does not fit the schema that this collection is restricted to. Schema: '{\"$schema\":\"http://json-schema.org/draft-07/schema#\",\"definitions\":{\"ApiUrls\":{\"properties\":{\"eudat\":{\"type\":[\"string\",\"null\"]},\"openaire\":{\"type\":[\"string\",\"null\"]},\"openalex\":{\"type\":[\"string\",\"null\"]}},\"type\":\"object\"},\"Elevation\":{\"properties\":{\"max\":{\"format\":\"double\",\"type\":\"number\"},\"min\":{\"format\":\"double\",\"type\":\"number\"},\"name\":{\"type\":\"string\"},\"unit\":{\"type\":[\"string\",\"null\"]}},\"required\":[\"max\",\"min\",\"name\"],\"type\":\"object\"},\"Extent\":{\"properties\":{\"elevation\":{\"anyOf\":[{\"$ref\":\"#/definitions/Elevation\"},{\"type\":\"null\"}]},\"geographic\":{\"anyOf\":[{\"$ref\":\"#/definitions/Geographic\"},{\"type\":\"null\"}]},\"temporal\":{\"anyOf\":[{\"$ref\":\"#/definitions/Temporal\"},{\"type\":\"null\"}]}},\"type\":\"object\"},\"Geographic\":{\"properties\":{\"east_bound_longitude\":{\"format\":\"double\",\"type\":\"number\"},\"mean_latitude\":{\"format\":\"double\",\"type\":\"number\"},\"mean_longitude\":{\"format\":\"double\",\"type\":\"number\"},\"north_bound_latitude\":{\"format\":\"double\",\"type\":\"number\"},\"south_bound_latitude\":{\"format\":\"double\",\"type\":\"number\"},\"west_bound_longitude\":{\"format\":\"double\",\"type\":\"number\"}},\"required\":[\"east_bound_longitude\",\"mean_latitude\",\"mean_longitude\",\"north_bound_latitude\",\"south_bound_latitude\",\"west_bound_longitude\"],\"type\":\"object\"},\"Temporal\":{\"properties\":{\"max_date_time\":{\"type\":[\"string\",\"null\"]},\"min_date_time\":{\"type\":[\"string\",\"null\"]}},\"type\":\"object\"}},\"properties\":{\"api_urls\":{\"$ref\":\"#/definitions/ApiUrls\"},\"extent\":{\"anyOf\":[{\"$ref\":\"#/definitions/Extent\"},{\"type\":\"null\"}]},\"pangaea_id\":{\"type\":\"string\"},\"publication_date\":{\"type\":[\"string\",\"null\"]},\"text_abstract\":{\"type\":[\"string\",\"null\"]},\"title\":{\"type\":\"string\"},\"uri\":{\"type\":[\"string\",\"null\"]}},\"required\":[\"api_urls\",\"pangaea_id\",\"title\"],\"title\":\"Dataset\",\"type\":\"object\"}'","level":"strict","type":"json","rule":{"$schema":"http://json-schema.org/draft-07/schema#","definitions":{"ApiUrls":{"properties":{"eudat":{"type":["string","null"]},"openaire":{"type":["string","null"]},"openalex":{"type":["string","null"]}},"type":"object"},"Elevation":{"properties":{"max":{"format":"double","type":"number"},"min":{"format":"double","type":"number"},"name":{"type":"string"},"unit":{"type":["string","null"]}},"required":["max","min","name"],"type":"object"},"Extent":{"properties":{"elevation":{"anyOf":[{"$ref":"#/definitions/Elevation"},{"type":"null"}]},"geographic":{"anyOf":[{"$ref":"#/definitions/Geographic"},{"type":"null"}]},"temporal":{"anyOf":[{"$ref":"#/definitions/Temporal"},{"type":"null"}]}},"type":"object"},"Geographic":{"properties":{"east_bound_longitude":{"format":"double","type":"number"},"mean_latitude":{"format":"double","type":"number"},"mean_longitude":{"format":"double","type":"number"},"north_bound_latitude":{"format":"double","type":"number"},"south_bound_latitude":{"format":"double","type":"number"},"west_bound_longitude":{"format":"double","type":"number"}},"required":["east_bound_longitude","mean_latitude","mean_longitude","north_bound_latitude","south_bound_latitude","west_bound_longitude"],"type":"object"},"Temporal":{"properties":{"max_date_time":{"type":["string","null"]},"min_date_time":{"type":["string","null"]}},"type":"object"}},"properties":{"api_urls":{"$ref":"#/definitions/ApiUrls"},"extent":{"anyOf":[{"$ref":"#/definitions/Extent"},{"type":"null"}]},"pangaea_id":{"type":"string"},"publication_date":{"type":["string","null"]},"text_abstract":{"type":["string","null"]},"title":{"type":"string"},"uri":{"type":["string","null"]}},"required":["api_urls","pangaea_id","title"],"title":"Dataset","type":"object"}},"shardKeys":["_key"],"shards":{},"status":3,"syncByRevision":true,"type":2,"usesRevisionsAsDocumentIds":true,"version":9,"waitForSync":false,"writeConcern":1}}