{"indexes":[],"parameters":{"allowUserKeys":true,"cacheEnabled":false,"cid":"496062870","computedValues":null,"deleted":false,"globallyUniqueId":"hEA0DDC155BD9/496062870","id":"496062870","internalValidatorType":0,"isDisjoint":false,"isSmart":false,"isSmartChild":false,"isSystem":false,"keyOptions":{"allowUserKeys":true,"type":"traditional","lastValue":0},"minReplicationFactor":1,"name":"EOInstrument","numberOfShards":1,"planId":"496062870","replicationFactor":1,"schema":null,"shardKeys":["_key"],"shards":{},"status":3,"syncByRevision":true,"type":2,"usesRevisionsAsDocumentIds":true,"version":9,"waitForSync":false,"writeConcern":1}}