{"indexes":[],"parameters":{"allowUserKeys":true,"cacheEnabled":false,"cid":"495976929","computedValues":null,"deleted":false,"globallyUniqueId":"hEA0DDC155BD9/495976929","id":"495976929","internalValidatorType":0,"isDisjoint":false,"isSmart":false,"isSmartChild":false,"isSystem":false,"keyOptions":{"allowUserKeys":true,"type":"traditional","lastValue":0},"minReplicationFactor":1,"name":"HasDataset","numberOfShards":1,"planId":"495976929","replicationFactor":1,"schema":{"message":"The document you supplied does not fit the schema that this collection is restricted to. Schema: '{\"$schema\":\"http://json-schema.org/draft-07/schema#\",\"properties\":{\"cag_timestamp\":{\"type\":\"string\"}},\"required\":[\"cag_timestamp\"],\"title\":\"HasDataset\",\"type\":\"object\"}'","level":"strict","type":"json","rule":{"$schema":"http://json-schema.org/draft-07/schema#","properties":{"cag_timestamp":{"type":"string"}},"required":["cag_timestamp"],"title":"HasDataset","type":"object"}},"shardKeys":["_key"],"shards":{},"status":3,"syncByRevision":true,"type":3,"usesRevisionsAsDocumentIds":true,"version":9,"waitForSync":false,"writeConcern":1}}