{"indexes":[{"id":"495977143","type":"hash","name":"Keyword--name","fields":["name"],"unique":true,"sparse":true,"deduplicate":false,"estimates":true,"cacheEnabled":false}],"parameters":{"allowUserKeys":true,"cacheEnabled":false,"cid":"495976924","computedValues":null,"deleted":false,"globallyUniqueId":"hEA0DDC155BD9/495976924","id":"495976924","internalValidatorType":0,"isDisjoint":false,"isSmart":false,"isSmartChild":false,"isSystem":false,"keyOptions":{"allowUserKeys":true,"type":"traditional","lastValue":497232952},"minReplicationFactor":1,"name":"Keyword","numberOfShards":1,"planId":"495976924","replicationFactor":1,"schema":{"message":"The document you supplied does not fit the schema that this collection is restricted to. Schema: '{\"$schema\":\"http://json-schema.org/draft-07/schema#\",\"properties\":{\"display_name\":{\"type\":\"string\"},\"name\":{\"type\":\"string\"}},\"required\":[\"display_name\",\"name\"],\"title\":\"Keyword\",\"type\":\"object\"}'","level":"strict","type":"json","rule":{"$schema":"http://json-schema.org/draft-07/schema#","properties":{"display_name":{"type":"string"},"name":{"type":"string"}},"required":["display_name","name"],"title":"Keyword","type":"object"}},"shardKeys":["_key"],"shards":{},"status":3,"syncByRevision":true,"type":2,"usesRevisionsAsDocumentIds":true,"version":9,"waitForSync":false,"writeConcern":1}}