{"indexes":[{"id":"495976950","type":"hash","name":"PangaeaCorpus--name","fields":["name"],"unique":true,"sparse":true,"deduplicate":false,"estimates":true,"cacheEnabled":false}],"parameters":{"allowUserKeys":true,"cacheEnabled":false,"cid":"495976909","computedValues":null,"deleted":false,"globallyUniqueId":"hEA0DDC155BD9/495976909","id":"495976909","internalValidatorType":0,"isDisjoint":false,"isSmart":false,"isSmartChild":false,"isSystem":false,"keyOptions":{"allowUserKeys":true,"type":"traditional","lastValue":495976956},"minReplicationFactor":1,"name":"PangaeaCorpus","numberOfShards":1,"planId":"495976909","replicationFactor":1,"schema":{"message":"The document you supplied does not fit the schema that this collection is restricted to. Schema: '{\"$schema\":\"http://json-schema.org/draft-07/schema#\",\"properties\":{\"description\":{\"type\":\"string\"},\"display_name\":{\"type\":\"string\"},\"name\":{\"type\":\"string\"}},\"required\":[\"description\",\"display_name\",\"name\"],\"title\":\"PangaeaCorpus\",\"type\":\"object\"}'","level":"strict","type":"json","rule":{"$schema":"http://json-schema.org/draft-07/schema#","properties":{"description":{"type":"string"},"display_name":{"type":"string"},"name":{"type":"string"}},"required":["description","display_name","name"],"title":"PangaeaCorpus","type":"object"}},"shardKeys":["_key"],"shards":{},"status":3,"syncByRevision":true,"type":2,"usesRevisionsAsDocumentIds":true,"version":9,"waitForSync":false,"writeConcern":1}}