{"indexes":[],"parameters":{"allowUserKeys":true,"cacheEnabled":false,"cid":"496062893","computedValues":null,"deleted":false,"globallyUniqueId":"hEA0DDC155BD9/496062893","id":"496062893","internalValidatorType":0,"isDisjoint":false,"isSmart":false,"isSmartChild":false,"isSystem":false,"keyOptions":{"allowUserKeys":true,"type":"traditional","lastValue":0},"minReplicationFactor":1,"name":"SourceContains","numberOfShards":1,"planId":"496062893","replicationFactor":1,"schema":null,"shardKeys":["_key"],"shards":{},"status":3,"syncByRevision":true,"type":3,"usesRevisionsAsDocumentIds":true,"version":9,"waitForSync":false,"writeConcern":1}}