{"indexes":[],"parameters":{"allowUserKeys":true,"cacheEnabled":false,"cid":"496062910","computedValues":null,"deleted":false,"globallyUniqueId":"hEA0DDC155BD9/496062910","id":"496062910","internalValidatorType":0,"isDisjoint":false,"isSmart":false,"isSmartChild":false,"isSystem":false,"keyOptions":{"allowUserKeys":true,"type":"traditional","lastValue":0},"minReplicationFactor":1,"name":"STACCollection","numberOfShards":1,"planId":"496062910","replicationFactor":1,"schema":null,"shardKeys":["_key"],"shards":{},"status":3,"syncByRevision":true,"type":2,"usesRevisionsAsDocumentIds":true,"version":9,"waitForSync":false,"writeConcern":1}}